{
    "thoout_000008.dat": {
        "Nucleus": "Pb 196",
        "BasisDeformation.beta0": 0.01,
        "BasisDeformation.q": 1.01,
        "Constraints": {
            "1": 0.0,
            "2": 35.0,
            "3": 15.0
        },
        "Converged": true,
        "model": "UNE1",
        "rms": [
            6.048556,
            5.978039,
            6.019155
        ],
        "beta2": [
            0.37907,
            0.407226,
            0.390689
        ],
        "En": -1506.962956,
        "En+LN": -1508.636012,
        "q1": [
            -0.161728,
            0.161734,
            5e-06
        ],
        "q2": [
            19.945151,
            15.054857,
            35.000009
        ],
        "q3": [
            8.576577,
            6.423424,
            15.000001
        ],
        "q4": [
            5.810206,
            4.447031,
            10.257237
        ],
        "q5": [
            6.554347,
            5.027803,
            11.58215
        ],
        "q6": [
            7.064264,
            5.388815,
            12.453079
        ],
        "q7": [
            6.934881,
            5.298432,
            12.233313
        ],
        "q8": [
            7.34961,
            5.607642,
            12.957252
        ]
    },
    "thoout_000009.dat": {
        "Nucleus": "Pb 196",
        "BasisDeformation.beta0": 0.01,
        "BasisDeformation.q": 1.01,
        "Constraints": {
            "1": 0.0,
            "2": 40.0,
            "3": 15.0
        },
        "Converged": true,
        "model": "UNE1",
        "rms": [
            6.076614,
            6.007076,
            6.047619
        ],
        "beta2": [
            0.430051,
            0.459746,
            0.442308
        ],
        "En": -1508.705381,
        "En+LN": -1510.369322,
        "q1": [
            -0.184185,
            0.184185,
            -1e-06
        ],
        "q2": [
            22.838001,
            17.161998,
            39.999999
        ],
        "q3": [
            8.580487,
            6.419512,
            15.0
        ],
        "q4": [
            5.755251,
            4.378059,
            10.13331
        ],
        "q5": [
            6.461452,
            4.922397,
            11.383848
        ],
        "q6": [
            6.714985,
            5.084473,
            11.799458
        ],
        "q7": [
            6.454876,
            4.889051,
            11.343927
        ],
        "q8": [
            6.737696,
            5.092792,
            11.830488
        ]
    },
    "thoout_000004.dat": {
        "Nucleus": "Pb 196",
        "BasisDeformation.beta0": 0.01,
        "BasisDeformation.q": 1.01,
        "Constraints": {
            "1": 0.0,
            "2": 15.0,
            "3": 15.0
        },
        "Converged": true,
        "model": "UNE1",
        "rms": [
            6.050784,
            5.994587,
            6.027336
        ],
        "beta2": [
            0.154132,
            0.185188,
            0.166984
        ],
        "En": -1495.030183,
        "En+LN": -1496.660387,
        "q1": [
            -0.285611,
            0.285612,
            0.0
        ],
        "q2": [
            8.115775,
            6.884225,
            15.0
        ],
        "q3": [
            8.519354,
            6.480646,
            15.000001
        ],
        "q4": [
            5.63805,
            4.437812,
            10.075862
        ],
        "q5": [
            5.821611,
            4.598265,
            10.419877
        ],
        "q6": [
            7.218811,
            5.591472,
            12.810283
        ],
        "q7": [
            7.241368,
            5.637627,
            12.878995
        ],
        "q8": [
            7.650953,
            5.954028,
            13.604981
        ]
    },
    "thoout_000010.dat": {
        "Nucleus": "Pb 196",
        "BasisDeformation.beta0": 0.01,
        "BasisDeformation.q": 1.01,
        "Constraints": {
            "1": 0.0,
            "2": 45.0,
            "3": 15.0
        },
        "Converged": true,
        "model": "UNE1",
        "rms": [
            6.105637,
            6.038612,
            6.077686
        ],
        "beta2": [
            0.480157,
            0.510492,
            0.492686
        ],
        "En": -1509.94765,
        "En+LN": -1511.611446,
        "q1": [
            -0.185824,
            0.185825,
            1e-06
        ],
        "q2": [
            25.743052,
            19.256949,
            45.000001
        ],
        "q3": [
            8.574635,
            6.425366,
            15.000001
        ],
        "q4": [
            5.926261,
            4.4963,
            10.422561
        ],
        "q5": [
            6.626991,
            5.03385,
            11.660841
        ],
        "q6": [
            6.639555,
            5.028463,
            11.668018
        ],
        "q7": [
            6.333901,
            4.799539,
            11.133439
        ],
        "q8": [
            6.49326,
            4.919199,
            11.412459
        ]
    },
    "thoout_000002.dat": {
        "Nucleus": "Pb 196",
        "BasisDeformation.beta0": 0.01,
        "BasisDeformation.q": 1.01,
        "Constraints": {
            "1": 0.0,
            "2": 5.0,
            "3": 15.0
        },
        "Converged": true,
        "model": "UNE1",
        "rms": [
            6.124233,
            6.061964,
            6.098259
        ],
        "beta2": [
            0.047978,
            0.06345,
            0.054374
        ],
        "En": -1482.540343,
        "En+LN": -1484.183982,
        "q1": [
            -0.164738,
            0.164738,
            0.0
        ],
        "q2": [
            2.587982,
            2.412019,
            5.000001
        ],
        "q3": [
            8.585667,
            6.414333,
            15.0
        ],
        "q4": [
            5.462658,
            4.155599,
            9.618257
        ],
        "q5": [
            4.528743,
            3.462845,
            7.991588
        ],
        "q6": [
            6.339573,
            4.731371,
            11.070945
        ],
        "q7": [
            6.410593,
            4.771221,
            11.181814
        ],
        "q8": [
            6.314925,
            4.687185,
            11.00211
        ]
    },
    "thoout_000006.dat": {
        "Nucleus": "Pb 196",
        "BasisDeformation.beta0": 0.01,
        "BasisDeformation.q": 1.01,
        "Constraints": {
            "1": 0.0,
            "2": 25.0,
            "3": 15.0
        },
        "Converged": true,
        "model": "UNE1",
        "rms": [
            6.022392,
            5.965831,
            5.998793
        ],
        "beta2": [
            0.264881,
            0.303742,
            0.280961
        ],
        "En": -1502.728527,
        "En+LN": -1504.289273,
        "q1": [
            -0.33213,
            0.332131,
            1e-06
        ],
        "q2": [
            13.816685,
            11.183316,
            25.000001
        ],
        "q3": [
            8.504092,
            6.495909,
            15.000001
        ],
        "q4": [
            5.776315,
            4.582157,
            10.358472
        ],
        "q5": [
            6.44214,
            5.109786,
            11.551925
        ],
        "q6": [
            7.39988,
            5.789451,
            13.189331
        ],
        "q7": [
            7.398135,
            5.819634,
            13.217769
        ],
        "q8": [
            7.924161,
            6.226978,
            14.151139
        ]
    },
    "thoout_000005.dat": {
        "Nucleus": "Pb 196",
        "BasisDeformation.beta0": 0.01,
        "BasisDeformation.q": 1.01,
        "Constraints": {
            "1": 0.0,
            "2": 20.0,
            "3": 15.0
        },
        "Converged": true,
        "model": "UNE1",