{
    "thoout_000008.dat": {
        "Nucleus": "Pb 196",
        "BasisDeformation.beta0": 0.01,
        "BasisDeformation.q": 1.01,
        "Constraints": {
            "1": 0.0,
            "2": 35.0
        },
        "Converged": true,
        "model": "UNE1",
        "rms": [
            5.701993,
            5.616373,
            5.666329
        ],
        "beta2": [
            0.428121,
            0.459109,
            0.440858
        ],
        "En": -1534.699682,
        "En+LN": -1536.294844,
        "q1": [
            3e-06,
            -3e-06,
            0.0
        ],
        "q2": [
            20.01863,
            14.98137,
            35.000001
        ],
        "q3": [
            -9.7e-05,
            -7.2e-05,
            -0.000168
        ],
        "q4": [
            1.219237,
            0.936483,
            2.15572
        ],
        "q5": [
            -5.4e-05,
            -4e-05,
            -9.4e-05
        ],
        "q6": [
            0.317861,
            0.244353,
            0.562214
        ],
        "q7": [
            -2e-05,
            -1.5e-05,
            -3.6e-05
        ],
        "q8": [
            0.098087,
            0.073305,
            0.171391
        ]
    },
    "thoout_000009.dat": {
        "Nucleus": "Pb 196",
        "BasisDeformation.beta0": 0.01,
        "BasisDeformation.q": 1.01,
        "Constraints": {
            "1": 0.0,
            "2": 40.0
        },
        "Converged": true,
        "model": "UNE1",
        "rms": [
            5.747561,
            5.665623,
            5.713423
        ],
        "beta2": [
            0.481407,
            0.515822,
            0.495565
        ],
        "En": -1536.546346,
        "En+LN": -1538.107794,
        "q1": [
            4e-06,
            -5e-06,
            -0.0
        ],
        "q2": [
            22.871495,
            17.128505,
            40.0
        ],
        "q3": [
            -8e-05,
            -5.9e-05,
            -0.000139
        ],
        "q4": [
            1.815026,
            1.359909,
            3.174935
        ],
        "q5": [
            -4e-05,
            -3e-05,
            -7e-05
        ],
        "q6": [
            0.515629,
            0.388108,
            0.903737
        ],
        "q7": [
            -1.5e-05,
            -1.2e-05,
            -2.7e-05
        ],
        "q8": [
            0.16107,
            0.117627,
            0.278697
        ]
    },
    "thoout_000004.dat": {
        "Nucleus": "Pb 196",
        "BasisDeformation.beta0": 0.01,
        "BasisDeformation.q": 1.01,
        "Constraints": {
            "1": 0.0,
            "2": 15.0
        },
        "Converged": true,
        "model": "UNE1",
        "rms": [
            5.552218,
            5.447217,
            5.508532
        ],
        "beta2": [
            0.197549,
            0.203342,
            0.199919
        ],
        "En": -1538.385639,
        "En+LN": -1539.898031,
        "q1": [
            -0.0,
            0.0,
            0.0
        ],
        "q2": [
            8.758349,
            6.24165,
            14.999999
        ],
        "q3": [
            -0.0,
            -0.0,
            -0.0
        ],
        "q4": [
            -0.13439,
            -0.043718,
            -0.178108
        ],
        "q5": [
            -0.0,
            -0.0,
            -0.0
        ],
        "q6": [
            0.009339,
            0.010824,
            0.020162
        ],
        "q7": [
            0.0,
            -0.0,
            -0.0
        ],
        "q8": [
            0.009364,
            0.004833,
            0.014197
        ]
    },
    "thoout_000010.dat": {
        "Nucleus": "Pb 196",
        "BasisDeformation.beta0": 0.01,
        "BasisDeformation.q": 1.01,
        "Constraints": {
            "1": 0.0,
            "2": 45.0
        },
        "Converged": true,
        "model": "UNE1",
        "rms": [
            5.803626,
            5.726491,
            5.771481
        ],
        "beta2": [
            0.530488,
            0.569003,
            0.546351
        ],
        "En": -1538.062003,
        "En+LN": -1539.635342,
        "q1": [
            7e-06,
            -6e-06,
            1e-06
        ],
        "q2": [
            25.697397,
            19.302603,
            45.0
        ],
        "q3": [
            -9e-05,
            -6.7e-05,
            -0.000157
        ],
        "q4": [
            2.268865,
            1.689962,
            3.958827
        ],
        "q5": [
            -4.5e-05,
            -3.5e-05,
            -8.1e-05
        ],
        "q6": [
            0.630237,
            0.472631,
            1.102868
        ],
        "q7": [
            -1.7e-05,
            -1.3e-05,
            -3.1e-05
        ],
        "q8": [
            0.165024,
            0.12146,
            0.286485
        ]
    },
    "thoout_000002.dat": {
        "Nucleus": "Pb 196",
        "BasisDeformation.beta0": 0.01,
        "BasisDeformation.q": 1.01,
        "Constraints": {
            "1": 0.0,
            "2": 5.0
        },
        "Converged": true,
        "model": "UNE1",
        "rms": [
            5.505707,
            5.397313,
            5.46062
        ],
        "beta2": [
            0.070923,
            0.063316,
            0.067814
        ],
        "En": -1541.349263,
        "En+LN": -1543.224553,
        "q1": [
            0.0,
            -0.0,
            -0.0
        ],
        "q2": [
            3.091933,
            1.908067,
            5.0
        ],
        "q3": [
            0.0,
            0.0,
            1e-06
        ],
        "q4": [
            -0.027041,
            -0.013922,
            -0.040963
        ],
        "q5": [
            -0.0,
            -0.0,
            -0.0
        ],
        "q6": [
            -0.001514,
            -0.000383,
            -0.001897
        ],
        "q7": [
            -0.0,
            -0.0,
            -0.0
        ],
        "q8": [
            0.000173,
            8.7e-05,
            0.000261
        ]
    },
    "thoout_000006.dat": {
        "Nucleus": "Pb 196",
        "BasisDeformation.beta0": 0.01,
        "BasisDeformation.q": 1.01,
        "Constraints": {
            "1": 0.0,
            "2": 25.0
        },
        "Converged": true,
        "model": "UNE1",
        "rms": [
            5.624599,
            5.526095,
            5.5836
        ],
        "beta2": [
            0.31653,
            0.335488,
            0.324299
        ],
        "En": -1535.217765,
        "En+LN": -1536.855954,
        "q1": [
            1e-06,
            -1e-06,
            -0.0
        ],
        "q2": [
            14.401672,
            10.598328,
            25.0
        ],
        "q3": [
            0.000101,
            7.7e-05,
            0.000178
        ],
        "q4": [
            0.210023,
            0.187316,
            0.397338
        ],
        "q5": [
            5.4e-05,
            4e-05,
            9.4e-05
        ],
        "q6": [
            0.065391,
            0.028243,
            0.093634
        ],
        "q7": [
            1.8e-05,
            1.3e-05,
            3e-05
        ],
        "q8": [
            0.024631,
            0.00542,
            0.030051
        ]
    },
    "thoout_000005.dat": {
        "Nucleus": "Pb 196",
        "BasisDeformation.beta0": 0.01,
        "BasisDeformation.q": 1.01,
        "Constraints": {
            "1": 0.0,
            "2": 20.0
        },
        "Converged": true,
        "model": "UNE1",
        "rms": [
            5.586889,
            5.486182,
            5.544979
        ],
        "beta2": [
            0.256233,
            0.272916,
            0.263066
        ],
        "En": -1536.390369,
        "En+LN": -1537.961746,
        "q1": [
            1e-06,
            -1e-06,
            -0.0
        ],