{
    "thoout_000008.dat": {
        "Nucleus": "Pb 196",
        "BasisDeformation.beta0": 0.01,
        "BasisDeformation.q": 1.01,
        "Constraints": {
            "1": 0.0,
            "2": 35.0,
            "3": 5.0
        },
        "Converged": true,
        "model": "UNE1",
        "rms": [
            5.759602,
            5.670405,
            5.722454
        ],
        "beta2": [
            0.422807,
            0.4458,
            0.432252
        ],
        "En": -1529.608829,
        "En+LN": -1531.246711,
        "q1": [
            -0.011366,
            0.011365,
            -0.0
        ],
        "q2": [
            20.171657,
            14.828343,
            35.0
        ],
        "q3": [
            2.874405,
            2.125594,
            4.999999
        ],
        "q4": [
            1.500477,
            1.133071,
            2.633548
        ],
        "q5": [
            1.547981,
            1.135057,
            2.683037
        ],
        "q6": [
            0.859061,
            0.639313,
            1.498373
        ],
        "q7": [
            0.665181,
            0.490572,
            1.155753
        ],
        "q8": [
            0.509816,
            0.36823,
            0.878046
        ]
    },
    "thoout_000009.dat": {
        "Nucleus": "Pb 196",
        "BasisDeformation.beta0": 0.01,
        "BasisDeformation.q": 1.01,
        "Constraints": {
            "1": 0.0,
            "2": 40.0,
            "3": 5.0
        },
        "Converged": true,
        "model": "UNE1",
        "rms": [
            5.80117,
            5.716058,
            5.765715
        ],
        "beta2": [
            0.475131,
            0.503066,
            0.486617
        ],
        "En": -1530.626165,
        "En+LN": -1532.216013,
        "q1": [
            -0.060224,
            0.060224,
            0.0
        ],
        "q2": [
            22.996368,
            17.003632,
            40.0
        ],
        "q3": [
            2.868991,
            2.131009,
            5.0
        ],
        "q4": [
            1.992178,
            1.502849,
            3.495027
        ],
        "q5": [
            1.631618,
            1.215685,
            2.847303
        ],
        "q6": [
            1.003588,
            0.753476,
            1.757065
        ],
        "q7": [
            0.760695,
            0.569779,
            1.330474
        ],
        "q8": [
            0.561993,
            0.413804,
            0.975797
        ]
    },
    "thoout_000004.dat": {
        "Nucleus": "Pb 196",
        "BasisDeformation.beta0": 0.01,
        "BasisDeformation.q": 1.01,
        "Constraints": {
            "1": 0.0,
            "2": 15.0,
            "3": 5.0
        },
        "Converged": true,
        "model": "UNE1",
        "rms": [
            5.632062,
            5.532065,
            5.590444
        ],
        "beta2": [
            0.191378,
            0.19803,
            0.194103
        ],
        "En": -1527.41294,
        "En+LN": -1529.164427,
        "q1": [
            0.021155,
            -0.021155,
            0.0
        ],
        "q2": [
            8.730561,
            6.269439,
            15.0
        ],
        "q3": [
            2.881139,
            2.118861,
            5.0
        ],
        "q4": [
            0.566965,
            0.423935,
            0.9909
        ],
        "q5": [
            0.560973,
            0.41901,
            0.979983
        ],
        "q6": [
            0.485455,
            0.35603,
            0.841485
        ],
        "q7": [
            0.205926,
            0.154647,
            0.360572
        ],
        "q8": [
            0.148478,
            0.109999,
            0.258477
        ]
    },
    "thoout_000010.dat": {
        "Nucleus": "Pb 196",
        "BasisDeformation.beta0": 0.01,
        "BasisDeformation.q": 1.01,
        "Constraints": {
            "1": 0.0,
            "2": 45.0,
            "3": 5.0
        },
        "Converged": true,
        "model": "UNE1",
        "rms": [
            5.849754,
            5.768554,
            5.815921
        ],
        "beta2": [
            0.524683,
            0.557121,
            0.538034
        ],
        "En": -1532.672698,
        "En+LN": -1534.284607,
        "q1": [
            -0.113334,
            0.113334,
            0.0
        ],
        "q2": [
            25.821819,
            19.178181,
            45.0
        ],
        "q3": [
            2.868287,
            2.131713,
            5.0
        ],
        "q4": [
            2.425696,
            1.825408,
            4.251104
        ],
        "q5": [
            1.697031,
            1.279885,
            2.976915
        ],
        "q6": [
            1.095155,
            0.826155,
            1.92131
        ],
        "q7": [
            0.815213,
            0.61479,
            1.430003
        ],
        "q8": [
            0.5629,
            0.4218,
            0.9847
        ]
    },
    "thoout_000002.dat": {
        "Nucleus": "Pb 196",
        "BasisDeformation.beta0": 0.01,
        "BasisDeformation.q": 1.01,
        "Constraints": {
            "1": 0.0,
            "2": 5.0,
            "3": 5.0
        },
        "Converged": true,
        "model": "UNE1",
        "rms": [
            5.618067,
            5.515255,
            5.575284
        ],
        "beta2": [
            0.05945,
            0.073137,
            0.065053
        ],
        "En": -1528.535171,
        "En+LN": -1530.183104,
        "q1": [
            -0.07612,
            0.07612,
            -0.0
        ],
        "q2": [
            2.69861,
            2.301389,
            4.999999
        ],
        "q3": [
            2.903414,
            2.096587,
            5.000001
        ],
        "q4": [
            0.42145,
            0.316615,
            0.738065
        ],
        "q5": [
            0.238205,
            0.202975,
            0.44118
        ],
        "q6": [
            0.437014,
            0.304087,
            0.7411
        ],
        "q7": [
            0.125503,
            0.09115,
            0.216653
        ],
        "q8": [
            0.061246,
            0.049263,
            0.110509
        ]
    },
    "thoout_000006.dat": {
        "Nucleus": "Pb 196",
        "BasisDeformation.beta0": 0.01,
        "BasisDeformation.q": 1.01,
        "Constraints": {
            "1": 0.0,
            "2": 25.0,
            "3": 5.0
        },
        "Converged": true,
        "model": "UNE1",
        "rms": [
            5.681844,
            5.585014,
            5.641535
        ],
        "beta2": [
            0.311444,
            0.326634,
            0.317672
        ],
        "En": -1528.272343,
        "En+LN": -1529.969347,
        "q1": [
            0.020291,
            -0.020291,
            -0.0
        ],
        "q2": [
            14.460159,
            10.539841,
            25.0
        ],
        "q3": [
            2.879756,
            2.120244,
            4.999999
        ],
        "q4": [
            0.846784,
            0.635422,
            1.482207
        ],
        "q5": [
            1.130386,
            0.816815,
            1.947202
        ],
        "q6": [
            0.661096,
            0.476139,
            1.137235
        ],
        "q7": [
            0.446702,
            0.314629,
            0.761332
        ],
        "q8": [
            0.367886,
            0.250594,
            0.618479
        ]
    },
    "thoout_000005.dat": {
        "Nucleus": "Pb 196",
        "BasisDeformation.beta0": 0.01,
        "BasisDeformation.q": 1.01,
        "Constraints": {
            "1": 0.0,
            "2": 20.0,
            "3": 5.0
        },
        "Converged": true,
        "model": "UNE1",
        "rms": [
            5.652585,
            5.55395,
            5.61153
        ],