{
    "thoout_000008.dat": {
        "Nucleus": "Pb 196",
        "BasisDeformation.beta0": 0.01,
        "BasisDeformation.q": 1.01,
        "Constraints": {
            "1": 0.0,
            "2": 35.0
        },
        "Converged": true,
        "model": "UNE1",
        "rms": [
            5.701993,
            5.616373,
            5.66633
        ],
        "beta2": [
            0.428121,
            0.459109,
            0.440858
        ],
        "En": -1534.699684,
        "En+LN": -1536.294846,
        "q1": [
            -4e-06,
            4e-06,
            -0.0
        ],
        "q2": [
            20.018629,
            14.981372,
            35.000001
        ],
        "q3": [
            0.000102,
            7.5e-05,
            0.000177
        ],
        "q4": [
            1.219226,
            0.936475,
            2.155701
        ],
        "q5": [
            5.6e-05,
            4.2e-05,
            9.9e-05
        ],
        "q6": [
            0.317854,
            0.244349,
            0.562203
        ],
        "q7": [
            2.2e-05,
            1.6e-05,
            3.8e-05
        ],
        "q8": [
            0.098084,
            0.073302,
            0.171386
        ]
    },
    "thoout_000009.dat": {
        "Nucleus": "Pb 196",
        "BasisDeformation.beta0": 0.01,
        "BasisDeformation.q": 1.01,
        "Constraints": {
            "1": 0.0,
            "2": 40.0
        },
        "Converged": true,
        "model": "UNE1",
        "rms": [
            5.747561,
            5.665623,
            5.713423
        ],
        "beta2": [
            0.481407,
            0.515822,
            0.495565
        ],
        "En": -1536.546346,
        "En+LN": -1538.107794,
        "q1": [
            -5e-06,
            4e-06,
            -0.0
        ],
        "q2": [
            22.871495,
            17.128505,
            40.0
        ],
        "q3": [
            8.1e-05,
            6e-05,
            0.000141
        ],
        "q4": [
            1.815024,
            1.359908,
            3.174932
        ],
        "q5": [
            4e-05,
            3.1e-05,
            7.1e-05
        ],
        "q6": [
            0.515628,
            0.388107,
            0.903736
        ],
        "q7": [
            1.5e-05,
            1.2e-05,
            2.7e-05
        ],
        "q8": [
            0.16107,
            0.117627,
            0.278696
        ]
    },
    "thoout_000004.dat": {
        "Nucleus": "Pb 196",
        "BasisDeformation.beta0": 0.01,
        "BasisDeformation.q": 1.01,
        "Constraints": {
            "1": 0.0,
            "2": 15.0
        },
        "Converged": true,
        "model": "UNE1",
        "rms": [
            5.552218,
            5.447217,
            5.508532
        ],
        "beta2": [
            0.197549,
            0.203342,
            0.199919
        ],
        "En": -1538.38564,
        "En+LN": -1539.89803,
        "q1": [
            -0.0,
            0.0,
            -0.0
        ],
        "q2": [
            8.758349,
            6.241651,
            15.0
        ],
        "q3": [
            -6e-06,
            -4e-06,
            -1e-05
        ],
        "q4": [
            -0.134386,
            -0.043715,
            -0.178101
        ],
        "q5": [
            -1e-06,
            -1e-06,
            -1e-06
        ],
        "q6": [
            0.00934,
            0.010825,
            0.020164
        ],
        "q7": [
            0.0,
            -0.0,
            -0.0
        ],
        "q8": [
            0.009364,
            0.004833,
            0.014198
        ]
    },
    "thoout_000010.dat": {
        "Nucleus": "Pb 196",
        "BasisDeformation.beta0": 0.01,
        "BasisDeformation.q": 1.01,
        "Constraints": {
            "1": 0.0,
            "2": 45.0
        },
        "Converged": true,
        "model": "UNE1",
        "rms": [
            5.803626,
            5.726491,
            5.771481
        ],
        "beta2": [
            0.530488,
            0.569003,
            0.546351
        ],
        "En": -1538.062002,
        "En+LN": -1539.635341,
        "q1": [
            6e-06,
            -7e-06,
            -1e-06
        ],
        "q2": [
            25.697397,
            19.302603,
            45.0
        ],
        "q3": [
            -8.8e-05,
            -6.5e-05,
            -0.000152
        ],
        "q4": [
            2.268865,
            1.689962,
            3.958827
        ],
        "q5": [
            -4.4e-05,
            -3.4e-05,
            -7.8e-05
        ],
        "q6": [
            0.630237,
            0.472631,
            1.102869
        ],
        "q7": [
            -1.7e-05,
            -1.3e-05,
            -3e-05
        ],
        "q8": [
            0.165025,
            0.12146,
            0.286485
        ]
    },
    "thoout_000002.dat": {
        "Nucleus": "Pb 196",
        "BasisDeformation.beta0": 0.01,
        "BasisDeformation.q": 1.01,
        "Constraints": {
            "1": 0.0,
            "2": 5.0
        },
        "Converged": true,
        "model": "UNE1",
        "rms": [
            5.505707,
            5.397313,
            5.46062
        ],
        "beta2": [
            0.070923,
            0.063316,
            0.067814
        ],
        "En": -1541.349268,
        "En+LN": -1543.224554,
        "q1": [
            0.0,
            -0.0,
            -0.0
        ],
        "q2": [
            3.091933,
            1.908068,
            5.0
        ],
        "q3": [
            0.0,
            0.0,
            0.0
        ],
        "q4": [
            -0.027036,
            -0.013919,
            -0.040954
        ],
        "q5": [
            -0.0,
            -0.0,
            -0.0
        ],
        "q6": [
            -0.001513,
            -0.000383,
            -0.001896
        ],
        "q7": [
            -0.0,
            -0.0,
            -0.0
        ],
        "q8": [
            0.000173,
            8.7e-05,
            0.000261
        ]
    },
    "thoout_000006.dat": {
        "Nucleus": "Pb 196",
        "BasisDeformation.beta0": 0.01,
        "BasisDeformation.q": 1.01,
        "Constraints": {
            "1": 0.0,
            "2": 25.0
        },
        "Converged": true,
        "model": "UNE1",
        "rms": [
            5.624599,
            5.526096,
            5.5836
        ],
        "beta2": [
            0.31653,
            0.335488,
            0.324299
        ],
        "En": -1535.217769,
        "En+LN": -1536.855958,
        "q1": [
            -0.0,
            0.0,
            -0.0
        ],
        "q2": [
            14.401669,
            10.598331,
            25.0
        ],
        "q3": [
            -1e-05,
            -8e-06,
            -1.8e-05
        ],
        "q4": [
            0.210011,
            0.187307,
            0.397318
        ],
        "q5": [
            -5e-06,
            -4e-06,
            -9e-06
        ],
        "q6": [
            0.065386,
            0.02824,
            0.093626
        ],
        "q7": [
            -2e-06,
            -1e-06,
            -3e-06
        ],
        "q8": [
            0.02463,
            0.005419,
            0.030049
        ]
    },
    "thoout_000005.dat": {
        "Nucleus": "Pb 196",
        "BasisDeformation.beta0": 0.01,
        "BasisDeformation.q": 1.01,
        "Constraints": {
            "1": 0.0,
            "2": 20.0
        },
        "Converged": true,
        "model": "UNE1",
        "rms": [
            5.586889,
            5.486182,
            5.544979
        ],
        "beta2": [
            0.256233,
            0.272916,
            0.263066
        ],
        "En": -1536.390372,
        "En+LN": -1537.961749,
        "q1": [
            1e-06,
            -1e-06,
            0.0
        ],