{
    "thoout_000008.dat": {
        "Nucleus": "Pb 196",
        "BasisDeformation.beta0": 0.01,
        "BasisDeformation.q": 1.01,
        "Constraints": {
            "1": 0.0,
            "2": 35.0,
            "3": 10.0
        },
        "Converged": true,
        "model": "UNE1",
        "rms": [
            5.893005,
            5.810846,
            5.858773
        ],
        "beta2": [
            0.402919,
            0.425886,
            0.412371
        ],
        "En": -1515.797091,
        "En+LN": -1517.498433,
        "q1": [
            -0.039741,
            0.039741,
            0.0
        ],
        "q2": [
            20.123648,
            14.876352,
            35.0
        ],
        "q3": [
            5.732925,
            4.267076,
            10.000001
        ],
        "q4": [
            3.045592,
            2.296796,
            5.342387
        ],
        "q5": [
            3.113742,
            2.337446,
            5.451188
        ],
        "q6": [
            2.733831,
            2.044693,
            4.778524
        ],
        "q7": [
            2.14198,
            1.604561,
            3.746541
        ],
        "q8": [
            1.950429,
            1.453695,
            3.404125
        ]
    },
    "thoout_000009.dat": {
        "Nucleus": "Pb 196",
        "BasisDeformation.beta0": 0.01,
        "BasisDeformation.q": 1.01,
        "Constraints": {
            "1": 0.0,
            "2": 40.0,
            "3": 10.0
        },
        "Converged": true,
        "model": "UNE1",
        "rms": [
            5.916883,
            5.836548,
            5.883407
        ],
        "beta2": [
            0.456779,
            0.482438,
            0.467343
        ],
        "En": -1517.150226,
        "En+LN": -1518.848338,
        "q1": [
            -0.055237,
            0.055237,
            0.0
        ],
        "q2": [
            22.998881,
            17.001119,
            40.0
        ],
        "q3": [
            5.724767,
            4.275233,
            10.0
        ],
        "q4": [
            3.599081,
            2.710925,
            6.310006
        ],
        "q5": [
            3.788313,
            2.840314,
            6.628626
        ],
        "q6": [
            3.365385,
            2.513337,
            5.878722
        ],
        "q7": [
            2.950237,
            2.19637,
            5.146607
        ],
        "q8": [
            2.817044,
            2.080839,
            4.897882
        ]
    },
    "thoout_000004.dat": {
        "Nucleus": "Pb 196",
        "BasisDeformation.beta0": 0.01,
        "BasisDeformation.q": 1.01,
        "Constraints": {
            "1": 0.0,
            "2": 15.0,
            "3": 10.0
        },
        "Converged": true,
        "model": "UNE1",
        "rms": [
            5.823561,
            5.73608,
            5.787123
        ],
        "beta2": [
            0.172969,
            0.192835,
            0.181134
        ],
        "En": -1514.549703,
        "En+LN": -1516.126974,
        "q1": [
            -0.139095,
            0.139094,
            -0.0
        ],
        "q2": [
            8.436446,
            6.563554,
            15.0
        ],
        "q3": [
            5.754789,
            4.245211,
            10.0
        ],
        "q4": [
            2.413682,
            1.822077,
            4.235759
        ],
        "q5": [
            2.184812,
            1.666686,
            3.851498
        ],
        "q6": [
            2.399208,
            1.767498,
            4.166706
        ],
        "q7": [
            1.741236,
            1.283697,
            3.024933
        ],
        "q8": [
            1.513901,
            1.115122,
            2.629022
        ]
    },
    "thoout_000010.dat": {
        "Nucleus": "Pb 196",
        "BasisDeformation.beta0": 0.01,
        "BasisDeformation.q": 1.01,
        "Constraints": {
            "1": 0.0,
            "2": 45.0,
            "3": 10.0
        },
        "Converged": true,
        "model": "UNE1",
        "rms": [
            5.953857,
            5.876249,
            5.921512
        ],
        "beta2": [
            0.5076,
            0.53531,
            0.519016
        ],
        "En": -1519.31429,
        "En+LN": -1521.004713,
        "q1": [
            -0.062177,
            0.062177,
            0.0
        ],
        "q2": [
            25.878169,
            19.121829,
            44.999999
        ],
        "q3": [
            5.721135,
            4.278866,
            10.000001
        ],
        "q4": [
            3.912867,
            2.948165,
            6.861032
        ],
        "q5": [
            4.170723,
            3.124413,
            7.295136
        ],
        "q6": [
            3.550267,
            2.660212,
            6.210479
        ],
        "q7": [
            3.254955,
            2.424323,
            5.679279
        ],
        "q8": [
            3.088467,
            2.286391,
            5.374858
        ]
    },
    "thoout_000002.dat": {
        "Nucleus": "Pb 196",
        "BasisDeformation.beta0": 0.01,
        "BasisDeformation.q": 1.01,
        "Constraints": {
            "1": 0.0,
            "2": 5.0,
            "3": 10.0
        },
        "Converged": true,
        "model": "UNE1",
        "rms": [
            5.844447,
            5.759322,
            5.808985
        ],
        "beta2": [
            0.054144,
            0.0682,
            0.059924
        ],
        "En": -1507.574942,
        "En+LN": -1509.193392,
        "q1": [
            -0.116698,
            0.116698,
            0.0
        ],
        "q2": [
            2.659799,
            2.3402,
            4.999999
        ],
        "q3": [
            5.752058,
            4.247942,
            10.0
        ],
        "q4": [
            2.771013,
            2.093621,
            4.864634
        ],
        "q5": [
            2.182002,
            1.650996,
            3.832998
        ],
        "q6": [
            2.840975,
            2.0701,
            4.911075
        ],
        "q7": [
            2.379009,
            1.729629,
            4.108638
        ],
        "q8": [
            2.14177,
            1.536593,
            3.678363
        ]
    },
    "thoout_000006.dat": {
        "Nucleus": "Pb 196",
        "BasisDeformation.beta0": 0.01,
        "BasisDeformation.q": 1.01,
        "Constraints": {
            "1": 0.0,
            "2": 25.0,
            "3": 10.0
        },
        "Converged": true,
        "model": "UNE1",
        "rms": [
            5.846205,
            5.758565,
            5.8097
        ],
        "beta2": [
            0.292549,
            0.309577,
            0.299548
        ],
        "En": -1517.111274,
        "En+LN": -1518.762798,
        "q1": [
            -0.05475,
            0.054751,
            1e-06
        ],
        "q2": [
            14.38008,
            10.619919,
            24.999999
        ],
        "q3": [
            5.760466,
            4.239535,
            10.000001
        ],
        "q4": [
            2.363412,
            1.752799,
            4.116211
        ],
        "q5": [
            2.373147,
            1.75746,
            4.130607
        ],
        "q6": [
            2.136102,
            1.565329,
            3.701431
        ],
        "q7": [
            1.436076,
            1.045952,
            2.482028
        ],
        "q8": [
            1.212669,
            0.884258,
            2.096926
        ]
    },
    "thoout_000005.dat": {
        "Nucleus": "Pb 196",
        "BasisDeformation.beta0": 0.01,
        "BasisDeformation.q": 1.01,
        "Constraints": {
            "1": 0.0,
            "2": 20.0,
            "3": 10.0
        },
        "Converged": true,
        "model": "UNE1",
        "rms": [
            5.830537,
            5.74256,
            5.793893
        ],